<?xml version="1.0"?>
<!--<!DOCTYPE metadata SYSTEM "http://www.esri.com/metadata/esriprof80.dtd">-->
<metadata xml:lang="en"><Esri><CreaDate>20110524</CreaDate><CreaTime>16365100</CreaTime><SyncOnce>FALSE</SyncOnce><SyncDate>20100215</SyncDate><SyncTime>13503600</SyncTime><ModDate>20100215</ModDate><ModTime>13503600</ModTime><DataProperties><lineage><Process ToolSource="C:\Program Files\ArcGIS\ArcToolbox\Toolboxes\Data Management Tools.tbx\CopyFeatures" Date="20100112" Time="104720">CopyFeatures CRATER_Mercury_Craters "C:\Documents and Settings\All Users\Documents\Mercury_GIS_data\SethCraters\CRATER_Mercury_Craters_Caleb.shp" # 0 0 0</Process><Process ToolSource="C:\Program Files\ArcGIS\ArcToolbox\Toolboxes\Data Management Tools.tbx\CopyFeatures" Date="20100114" Time="124655">CopyFeatures "C:\Documents and Settings\All Users\Documents\Mercury_GIS_data\SethCraters\CRATER_Mercury_Craters_Caleb.shp" "C:\Documents and Settings\All Users\Documents\Mercury_GIS_data\SethCraters\CRATER_Mercury_Craters_v2.shp" # 0 0 0</Process><Process ToolSource="C:\Program Files\ArcGIS\ArcToolbox\Toolboxes\Data Management Tools.tbx\SimplifyPolygon" Date="20100120" Time="174753">SimplifyPolygon CRATER_Mercury_Craters_v3merge "C:\Documents and Settings\All Users\Documents\Mercury_GIS_data\SethCraters\CRATER_Mercury_Craters_v3mergeSimplify.shp" POINT_REMOVE "20 Meters" "0 SquareMeters" NO_CHECK NO_KEEP "C:\Documents and Settings\All Users\Documents\Mercury_GIS_data\SethCraters\CRATER_Mercury_Craters_v3mergeSimplify_Pnt.shp"</Process><Process ToolSource="C:\Program Files\ArcGIS\ArcToolbox\Toolboxes\Data Management Tools.tbx\SimplifyPolygon" Date="20100121" Time="173028">SimplifyPolygon CRATER_Mercury_Craters_v3mergeSimplify "C:\Documents and Settings\All Users\Documents\Mercury_GIS_data\SethCraters\CRATER_Mercury_Craters_v4.shp" POINT_REMOVE "10 Meters" "0 SquareMeters" NO_CHECK NO_KEEP "C:\Documents and Settings\All Users\Documents\Mercury_GIS_data\SethCraters\CRATER_Mercury_Craters_v4_Pnt.shp"</Process><Process ToolSource="C:\Program Files\ArcGIS\ArcToolbox\Toolboxes\Data Management Tools.tbx\SimplifyPolygon" Date="20100122" Time="093427">SimplifyPolygon CRATER_Mercury_Craters_v4 "C:\Documents and Settings\All Users\Documents\Mercury_GIS_data\SethCraters\CRATER_Mercury_Craters_v4b.shp" POINT_REMOVE "10 Meters" "0 SquareMeters" NO_CHECK NO_KEEP "C:\Documents and Settings\All Users\Documents\Mercury_GIS_data\SethCraters\CRATER_Mercury_Craters_v4b_Pnt.shp"</Process><Process ToolSource="C:\Program Files\ArcGIS\ArcToolbox\Toolboxes\Data Management Tools.tbx\SimplifyPolygon" Date="20100122" Time="102512">SimplifyPolygon CRATER_Mercury_Craters_v4 "C:\Documents and Settings\All Users\Documents\Mercury_GIS_data\SethCraters\CRATER_Mercury_Craters_v4b.shp" POINT_REMOVE "10 Meters" "0 SquareMeters" NO_CHECK NO_KEEP "C:\Documents and Settings\All Users\Documents\Mercury_GIS_data\SethCraters\CRATER_Mercury_Craters_v4b_Pnt.shp"</Process><Process ToolSource="C:\Program Files\ArcGIS\ArcToolbox\Toolboxes\Data Management Tools.tbx\CopyFeatures" Date="20100125" Time="170005">CopyFeatures "C:\Documents and Settings\All Users\Documents\Mercury_GIS_data\SethCraters\CRATER_Mercury_Craters_v4.shp" "C:\Documents and Settings\All Users\Documents\Mercury_GIS_data\SethCraters\CRATER_Mercury_Craters_v5.shp" # 0 0 0</Process><Process ToolSource="C:\Program Files\ArcGIS\ArcToolbox\Toolboxes\Data Management Tools.tbx\SimplifyPolygon" Date="20100127" Time="154314">SimplifyPolygon CRATER_Mercury_Craters_v5 "C:\Documents and Settings\All Users\Documents\Mercury_GIS_data\SethCraters\CRATER_Mercury_Craters_v6.shp" POINT_REMOVE "20 Meters" "0 SquareMeters" NO_CHECK NO_KEEP "C:\Documents and Settings\All Users\Documents\Mercury_GIS_data\SethCraters\CRATER_Mercury_Craters_v6_Pnt.shp"</Process><Process ToolSource="C:\Program Files\ArcGIS\ArcToolbox\Toolboxes\Data Management Tools.tbx\SimplifyPolygon" Date="20100127" Time="174906">SimplifyPolygon CRATER_Mercury_Craters_v6 "C:\Documents and Settings\All Users\Documents\Mercury_GIS_data\SethCraters\CRATER_Mercury_Craters_v7.shp" POINT_REMOVE "25 Meters" "0 SquareMeters" NO_CHECK NO_KEEP "C:\Documents and Settings\All Users\Documents\Mercury_GIS_data\SethCraters\CRATER_Mercury_Craters_v7_Pnt.shp"</Process><Process ToolSource="C:\Program Files\ArcGIS\ArcToolbox\Toolboxes\Data Management Tools.tbx\SimplifyPolygon" Date="20100209" Time="171551">SimplifyPolygon CRATER_Mercury_Craters_v7 "C:\Documents and Settings\All Users\Documents\Mercury_GIS_data\SethCraters\CRATER_Mercury_Craters_v8.shp" POINT_REMOVE "40 Meters" "0 SquareMeters" NO_CHECK NO_KEEP "C:\Documents and Settings\All Users\Documents\Mercury_GIS_data\SethCraters\CRATER_Mercury_Craters_v8_Pnt.shp"</Process><Process ToolSource="C:\Program Files\ArcGIS\ArcToolbox\Toolboxes\Data Management Tools.tbx\SimplifyPolygon" Date="20100210" Time="141059">SimplifyPolygon CRATER_Mercury_Craters_v8 "C:\Documents and Settings\All Users\Documents\Mercury_GIS_data\SethCraters\CRATER_Mercury_Craters_v9.shp" POINT_REMOVE "40 Meters" "0 SquareMeters" NO_CHECK KEEP_COLLAPSED_POINTS "C:\Documents and Settings\All Users\Documents\Mercury_GIS_data\SethCraters\CRATER_Mercury_Craters_v9_Pnt.shp"</Process><Process ToolSource="C:\Program Files\ArcGIS\ArcToolbox\Toolboxes\Data Management Tools.tbx\SimplifyPolygon" Date="20100211" Time="125759">SimplifyPolygon "C:\Documents and Settings\All Users\Documents\Mercury_GIS_data\SethCraters\CRATER_Mercury_Craters_v9.shp" "C:\Documents and Settings\All Users\Documents\Mercury_GIS_data\SethCraters\CRATER_Mercury_Craters_v10.shp" POINT_REMOVE "40 Meters" "0 SquareMeters" NO_CHECK NO_KEEP "C:\Documents and Settings\All Users\Documents\Mercury_GIS_data\SethCraters\CRATER_Mercury_Craters_v10_Pnt.shp"</Process><Process ToolSource="C:\Program Files\ArcGIS\ArcToolbox\Toolboxes\Data Management Tools.tbx\SimplifyPolygon" Date="20100215" Time="135538">SimplifyPolygon CRATER_Mercury_Craters_v10 "C:\Documents and Settings\All Users\Documents\Mercury_GIS_data\SethCraters\CRATER_Mercury_Craters_v11.shp" POINT_REMOVE "40 Meters" "0 SquareMeters" NO_CHECK NO_KEEP "C:\Documents and Settings\All Users\Documents\Mercury_GIS_data\SethCraters\CRATER_Mercury_Craters_v11_Pnt.shp"</Process><Process Name="DefineProjection_2" ToolSource="C:\Program Files\ArcGIS\ArcToolbox\Toolboxes\Data Management Tools.tbx\DefineProjection" Date="20110524" Time="171432">DefineProjection "C:\Documents and Settings\All Users\Documents\Mercury_GIS_data\SethCraters\ForWeb\MercLargeCrats.shp" PROJCS['merc-eqc-clon180',GEOGCS['GCS_Mercury_2000',DATUM['&lt;custom&gt;',SPHEROID['&lt;custom&gt;',2440000.0,0.0]],PRIMEM['Reference_Meridian',0.0],UNIT['Degree',0.0174532925199433]],PROJECTION['Equidistant_Cylindrical'],PARAMETER['False_Easting',0.0],PARAMETER['False_Northing',0.0],PARAMETER['Central_Meridian',180.0],PARAMETER['Standard_Parallel_1',0.0],UNIT['Meter',1.0]] "C:\Documents and Settings\All Users\Documents\Mercury_GIS_data\SethCraters\ForWeb\MercLargeCrats.shp"</Process></lineage></DataProperties><MetaID>{DFD015A6-E562-490A-A024-E32B9ED9AC9D}</MetaID></Esri><idinfo><native Sync="TRUE">Microsoft Windows XP Version 5.1 (Build 2600) Service Pack 3; ESRI ArcCatalog 9.2.4.1420</native><descript><langdata Sync="TRUE">en</langdata><abstract>REQUIRED: A brief narrative summary of the data set.</abstract><purpose>REQUIRED: A summary of the intentions with which the data set was developed.</purpose></descript><citation><citeinfo><origin>REQUIRED: The name of an organization or individual that developed the data set.</origin><pubdate>REQUIRED: The date when the data set is published or otherwise made available for release.</pubdate><title Sync="TRUE">CRATER_Mercury_Craters_v11</title><ftname Sync="TRUE">CRATER_Mercury_Craters_v11</ftname><geoform Sync="TRUE">vector digital data</geoform><onlink Sync="TRUE"></onlink></citeinfo></citation><timeperd><current>REQUIRED: The basis on which the time period of content information is determined.</current><timeinfo><sngdate><caldate>REQUIRED: The year (and optionally month, or month and day) for which the data set corresponds to the ground.</caldate></sngdate></timeinfo></timeperd><status><progress>REQUIRED: The state of the data set.</progress><update>REQUIRED: The frequency with which changes and additions are made to the data set after the initial data set is completed.</update></status><spdom><bounding><westbc Sync="TRUE">REQUIRED: Western-most coordinate of the limit of coverage expressed in longitude.</westbc><eastbc Sync="TRUE">REQUIRED: Eastern-most coordinate of the limit of coverage expressed in longitude.</eastbc><northbc Sync="TRUE">REQUIRED: Northern-most coordinate of the limit of coverage expressed in latitude.</northbc><southbc Sync="TRUE">REQUIRED: Southern-most coordinate of the limit of coverage expressed in latitude.</southbc></bounding></spdom><keywords><theme><themekt>REQUIRED: Reference to a formally registered thesaurus or a similar authoritative source of theme keywords.</themekt><themekey>REQUIRED: Common-use word or phrase used to describe the subject of the data set.</themekey></theme></keywords><accconst>REQUIRED: Restrictions and legal prerequisites for accessing the data set.</accconst><useconst>REQUIRED: Restrictions and legal prerequisites for using the data set after access is granted.</useconst><natvform Sync="TRUE">Shapefile</natvform></idinfo><dataIdInfo><envirDesc Sync="TRUE">Microsoft Windows XP Version 5.1 (Build 2600) Service Pack 3; ESRI ArcCatalog 9.2.4.1420</envirDesc><dataLang><languageCode Sync="TRUE" value="en"></languageCode></dataLang><idCitation><resTitle Sync="TRUE">CRATER_Mercury_Craters_v11</resTitle><presForm><PresFormCd Sync="TRUE" value="005"></PresFormCd></presForm></idCitation><spatRpType><SpatRepTypCd Sync="TRUE" value="001"></SpatRepTypCd></spatRpType></dataIdInfo><metainfo><langmeta Sync="TRUE">en</langmeta><metstdn Sync="TRUE">FGDC Content Standards for Digital Geospatial Metadata</metstdn><metstdv Sync="TRUE">FGDC-STD-001-1998</metstdv><mettc Sync="TRUE">local time</mettc><metc><cntinfo><cntorgp><cntper>REQUIRED: The person responsible for the metadata information.</cntper><cntorg>REQUIRED: The organization responsible for the metadata information.</cntorg></cntorgp><cntaddr><addrtype>REQUIRED: The mailing and/or physical address for the organization or individual.</addrtype><city>REQUIRED: The city of the address.</city><state>REQUIRED: The state or province of the address.</state><postal>REQUIRED: The ZIP or other postal code of the address.</postal></cntaddr><cntvoice>REQUIRED: The telephone number by which individuals can speak to the organization or individual.</cntvoice></cntinfo></metc><metd Sync="TRUE">20100215</metd><metextns><onlink Sync="TRUE">http://www.esri.com/metadata/esriprof80.html</onlink><metprof Sync="TRUE">ESRI Metadata Profile</metprof></metextns></metainfo><mdLang><languageCode Sync="TRUE" value="en"></languageCode></mdLang><mdStanName Sync="TRUE">ISO 19115 Geographic Information - Metadata</mdStanName><mdStanVer Sync="TRUE">DIS_ESRI1.0</mdStanVer><mdChar><CharSetCd Sync="TRUE" value="004"></CharSetCd></mdChar><mdHrLv><ScopeCd Sync="TRUE" value="005"></ScopeCd></mdHrLv><mdHrLvName Sync="TRUE">dataset</mdHrLvName><distinfo><resdesc Sync="TRUE">Downloadable Data</resdesc><stdorder><digform><digtinfo><transize Sync="TRUE">0.000</transize><dssize Sync="TRUE">0.000</dssize></digtinfo></digform></stdorder></distinfo><distInfo><distributor><distorTran><onLineSrc><orDesc Sync="TRUE">002</orDesc><linkage Sync="TRUE">file://</linkage><protocol Sync="TRUE">Local Area Network</protocol></onLineSrc><transSize Sync="TRUE">0.000</transSize></distorTran><distorFormat><formatName Sync="TRUE">Shapefile</formatName></distorFormat></distributor></distInfo><spdoinfo><direct Sync="TRUE">Vector</direct><ptvctinf><esriterm Name="CRATER_Mercury_Craters_v11"><efeatyp Sync="TRUE">Simple</efeatyp><efeageom Sync="TRUE">Polygon</efeageom><esritopo Sync="TRUE">FALSE</esritopo><efeacnt Sync="TRUE">0</efeacnt><spindex Sync="TRUE">FALSE</spindex><linrefer Sync="TRUE">FALSE</linrefer></esriterm><sdtsterm Name="CRATER_Mercury_Craters_v11"><sdtstype Sync="TRUE">G-polygon</sdtstype><ptvctcnt Sync="TRUE">0</ptvctcnt></sdtsterm></ptvctinf></spdoinfo><spref><horizsys><cordsysn><geogcsn Sync="TRUE">GCS_Mercury_2000</geogcsn><projcsn Sync="TRUE">merc-eqc-clon0</projcsn></cordsysn><planar><planci><plance Sync="TRUE">coordinate pair</plance><plandu Sync="TRUE">meters</plandu><coordrep><absres Sync="TRUE">0.000000</absres><ordres Sync="TRUE">0.000000</ordres></coordrep></planci><mapproj><mapprojn Sync="TRUE">Equirectangular</mapprojn><equirect><stdparll Sync="TRUE">0.000000</stdparll><longcm Sync="TRUE">180.000000</longcm><feast Sync="TRUE">0.000000</feast><fnorth Sync="TRUE">0.000000</fnorth></equirect></mapproj></planar><geodetic><horizdn Sync="TRUE">&lt;custom&gt;</horizdn><ellips Sync="TRUE">&lt;custom&gt;</ellips><semiaxis Sync="TRUE">2440000.000000</semiaxis><denflat Sync="TRUE">infinity</denflat></geodetic></horizsys></spref><refSysInfo><RefSystem><refSysID><identCode Sync="TRUE">merc-eqc-clon0</identCode></refSysID></RefSystem></refSysInfo><spatRepInfo><VectSpatRep><topLvl><TopoLevCd Sync="TRUE" value="001"></TopoLevCd></topLvl><geometObjs Name="CRATER_Mercury_Craters_v11"><geoObjTyp><GeoObjTypCd Sync="TRUE" value="001"></GeoObjTypCd></geoObjTyp><geoObjCnt Sync="TRUE">0</geoObjCnt></geometObjs></VectSpatRep></spatRepInfo><eainfo><detailed Name="CRATER_Mercury_Craters_v11"><enttyp><enttypl Sync="TRUE">CRATER_Mercury_Craters_v11</enttypl><enttypt Sync="TRUE">Feature Class</enttypt><enttypc Sync="TRUE">0</enttypc></enttyp><attr><attrlabl Sync="TRUE">FID</attrlabl><attalias Sync="TRUE">FID</attalias><attrtype Sync="TRUE">OID</attrtype><attwidth Sync="TRUE">4</attwidth><atprecis Sync="TRUE">0</atprecis><attscale Sync="TRUE">0</attscale><attrdef Sync="TRUE">Internal feature number.</attrdef><attrdefs Sync="TRUE">ESRI</attrdefs><attrdomv><udom Sync="TRUE">Sequential unique whole numbers that are automatically generated.</udom></attrdomv></attr><attr><attrlabl Sync="TRUE">Shape</attrlabl><attalias Sync="TRUE">Shape</attalias><attrtype Sync="TRUE">Geometry</attrtype><attwidth Sync="TRUE">0</attwidth><atprecis Sync="TRUE">0</atprecis><attscale Sync="TRUE">0</attscale><attrdef Sync="TRUE">Feature geometry.</attrdef><attrdefs Sync="TRUE">ESRI</attrdefs><attrdomv><udom Sync="TRUE">Coordinates defining the features.</udom></attrdomv></attr><attr><attrlabl Sync="TRUE">Diam_km</attrlabl><attalias Sync="TRUE">Diam_km</attalias><attrtype Sync="TRUE">Float</attrtype><attwidth Sync="TRUE">19</attwidth><atnumdec Sync="TRUE">11</atnumdec></attr><attr><attrlabl Sync="TRUE">x_coord</attrlabl><attalias Sync="TRUE">x_coord</attalias><attrtype Sync="TRUE">Float</attrtype><attwidth Sync="TRUE">19</attwidth><atnumdec Sync="TRUE">11</atnumdec></attr><attr><attrlabl Sync="TRUE">y_coord</attrlabl><attalias Sync="TRUE">y_coord</attalias><attrtype Sync="TRUE">Float</attrtype><attwidth Sync="TRUE">19</attwidth><atnumdec Sync="TRUE">11</atnumdec></attr><attr><attrlabl Sync="TRUE">tag</attrlabl><attalias Sync="TRUE">tag</attalias><attrtype Sync="TRUE">String</attrtype><attwidth Sync="TRUE">8</attwidth></attr></detailed></eainfo><mdDateSt Sync="TRUE">20100215</mdDateSt><dataqual><lineage><procstep><procdesc Sync="TRUE">Dataset copied.</procdesc><srcused Sync="TRUE">C:\Documents and Settings\All Users\Documents\Mercury_GIS_data\SethCraters\CRATER_Mercury_Craters_v2</srcused><date Sync="TRUE">20100120</date><time Sync="TRUE">16523500</time></procstep><procstep><procdesc Sync="TRUE">Dataset copied.</procdesc><srcused Sync="TRUE"></srcused><date Sync="TRUE">20110524</date><time Sync="TRUE">16365100</time></procstep></lineage></dataqual></metadata>
