<?xml version="1.0" encoding="UTF-8"?>
<metadata xml:lang="en"><Esri><CreaDate>20180730</CreaDate><CreaTime>13490200</CreaTime><ArcGISFormat>1.0</ArcGISFormat><ArcGISstyle>FGDC CSDGM Metadata</ArcGISstyle><SyncOnce>TRUE</SyncOnce><DataProperties><lineage><Process ToolSource="c:\program files (x86)\arcgis\desktop10.6\ArcToolbox\Toolboxes\Data Management Tools.tbx\CalculateField" Date="20180730" Time="113528">CalculateField CEDIT_SELECTED_DATABASE_TO_EQIL Date_MM_DD "10/30/2016" VB #</Process></lineage></DataProperties></Esri></metadata>
