<?xml version="1.0" encoding="UTF-8"?>
<metadata xml:lang="en"><Esri><CreaDate>20160122</CreaDate><CreaTime>16590700</CreaTime><ArcGISFormat>1.0</ArcGISFormat><SyncOnce>TRUE</SyncOnce><DataProperties><itemProps><itemLocation><linkage Sync="TRUE">file://\\PCD272732\E$\WORKSPACE2\ARC_Catenae16Work\Catenae\survey_Jan16\Catenae_Ap15</linkage><protocol Sync="TRUE">Local Area Network</protocol></itemLocation></itemProps><copyHistory><copy source="E:\WORKSPACE2\ARC_Catenae16Work\Catenae\Survey_Ap15\Catenae_Ap15" dest="\\PCD272732\E$\WORKSPACE2\ARC_Catenae16Work\Catenae\survey_Jan16\Catenae_Ap15" date="20160122" time="16590700"></copy></copyHistory></DataProperties></Esri></metadata>
